#{"t_start": 1753753555.2334964, "env_id": "leoroverpybullet/MyEnv2"}
r,l,t
-3027.834765,30001,12.637783
